{"cameraMode":{"drawMode":0,"name":"Shaded","section":"Shading Mode"},"sceneLighting":true,"audioPlay":false,"sceneViewState":{"m_AlwaysRefresh":false,"showFog":true,"showSkybox":true,"showFlares":true,"showImageEffects":true,"showParticleSystems":true,"showVisualEffectGraphs":true,"m_FxEnabled":true},"in2DMode":false,"pivot":{"x":324.298095703125,"y":0.632904052734375,"z":126.59115600585938},"rotation":{"x":0.30402496457099917,"y":0.02200559712946415,"z":-0.007024762686342001,"w":0.9523844718933106},"size":175.50363159179688,"orthographic":false}